{"cameraMode":{"drawMode":0,"name":"Shaded","section":"Shading Mode"},"sceneLighting":true,"audioPlay":false,"sceneViewState":{"m_AlwaysRefresh":true,"showFog":true,"showSkybox":true,"showFlares":true,"showImageEffects":true,"showParticleSystems":true,"showVisualEffectGraphs":true,"m_FxEnabled":true},"in2DMode":false,"pivot":{"x":-0.5908803939819336,"y":1.589369297027588,"z":-14.297605514526368},"rotation":{"x":-0.22922895848751069,"y":-0.019746987149119378,"z":0.004983849357813597,"w":-0.9733037352561951},"size":2.4943017959594728,"orthographic":false}